{"skeleton":{"hash":"hTBLoq4KihCiz8eyKkh5znsh/wc","spine":"3.2.01","width":348.45,"height":239,"images":"./Assets/Animations/char2/"},"bones":[{"name":"root"},{"name":"char2","parent":"root","length":184,"rotation":90,"y":-76},{"name":"b1","parent":"char2","length":63,"rotation":89.09,"x":77.99,"y":43.99},{"name":"chars","parent":"char2","length":110.57,"rotation":-29.81,"x":80.5,"y":-6.29},{"name":"p2","parent":"char2","length":40.31,"rotation":-172.87,"x":10,"y":-12}],"slots":[{"name":"char20004","bone":"p2","attachment":"char1_2"},{"name":"char5","bone":"chars","attachment":"char1_3"},{"name":"char4","bone":"b1","attachment":"char1_1"}],"skins":{"default":{"char20004":{"char20004":{"x":-66.97,"y":-3.72,"rotation":82.87,"width":263,"height":229},"char1_2":{"x":-47.13,"y":-6.2,"rotation":82.87,"width":346,"height":219},"dead2_1":{"x":-47.13,"y":-6.2,"rotation":82.87,"width":303,"height":263}},"char4":{"char1_1":{"x":-44.02,"y":1.3,"rotation":-179.09,"width":346,"height":219},"dead2_4":{"x":-44.02,"y":1.3,"rotation":-179.09,"width":303,"height":263}},"char5":{"char1_3":{"x":-10.35,"y":4.14,"rotation":-60.18,"width":346,"height":219}}}},"animations":{"dead":{"slots":{"char4":{"color":[{"time":0.4,"color":"ffffffff"},{"time":0.9666,"color":"ffffff00"}]},"char5":{"color":[{"time":0.4333,"color":"ffffffff"},{"time":1,"color":"ffffff00"}]},"char20004":{"color":[{"time":0.2,"color":"ffffffff"},{"time":0.5333,"color":"ffffff00"}]}},"bones":{"chars":{"rotate":[{"time":0.1,"angle":0},{"time":0.2666,"angle":-11.06},{"time":0.4333,"angle":-71.54},{"time":1.1333,"angle":-135.4}],"translate":[{"time":0,"x":0,"y":0},{"time":0.1,"x":12.48,"y":-7.15},{"time":0.2666,"x":17.13,"y":-22.36},{"time":0.4333,"x":-2.81,"y":-42.06},{"time":0.5666,"x":-61.52,"y":-17.05},{"time":0.6666,"x":-110.07,"y":-53.62},{"time":0.8,"x":-177.55,"y":-57},{"time":0.9666,"x":-205.64,"y":-68.55},{"time":1.0666,"x":-238.99,"y":-95.55},{"time":1.1333,"x":-287.39,"y":-62.23}],"scale":[{"time":0,"x":0.831,"y":1},{"time":0.1,"x":1,"y":1}]},"p2":{"rotate":[{"time":0,"angle":0}],"translate":[{"time":0,"x":0,"y":0},{"time":0.1,"x":-20.41,"y":-13.55},{"time":0.2,"x":-53.58,"y":3.22},{"time":0.3333,"x":-82.92,"y":-23.52},{"time":0.4333,"x":-111.4,"y":-3.67},{"time":0.5333,"x":-159.96,"y":-24.46}],"scale":[{"time":0,"x":0.573,"y":1},{"time":0.2,"x":0.839,"y":0.942}]},"b1":{"rotate":[{"time":0,"angle":0},{"time":0.2,"angle":62.81}],"translate":[{"time":0,"x":0,"y":0},{"time":0.0666,"x":-19.4,"y":21.83},{"time":0.3,"x":-40.02,"y":-3.63},{"time":0.5666,"x":-71.56,"y":24.25},{"time":0.7333,"x":-95.82,"y":-4.85},{"time":0.9,"x":-137.06,"y":36.38},{"time":1.0666,"x":-175.88,"y":2.42}]}}}}}